Origin,Code,Parent,Sex,Treatment,Water,Nitrogen,iHeight,iWidth1,iWidth2,iStem,fHeight,fWidth1,fWidth2,fStem,notes,StemDiammm,StemMassg,LeafMassg,ShootMassg,RootMassg,Lengthcm,ProjAreacm2,SurfAreacm2,AvgDiammm,RootVolcm3,0<.L.<=0.5000000,0.5000000<.L.<=1.0000000,1.0000000<.L.<=1.5000000,1.5000000<.L.<=2.0000000,2.0000000<.L.<=2.5000000,2.5000000<.L.<=3.0000000,3.0000000<.L.<=3.5000000,3.5000000<.L.<=4.0000000,4.0000000<.L.<=4.5000000,.L.>4.5000000,0<.SA.<=0.5000000,0.5000000<.SA.<=1.0000000,1.0000000<.SA.<=1.5000000,1.5000000<.SA.<=2.0000000,2.0000000<.SA.<=2.5000000,2.5000000<.SA.<=3.0000000,3.0000000<.SA.<=3.5000000,3.5000000<.SA.<=4.0000000,4.0000000<.SA.<=4.5000000,.SA.>4.5000000,0<.PA.<=0.5000000,0.5000000<.PA.<=1.0000000,1.0000000<.PA.<=1.5000000,1.5000000<.PA.<=2.0000000,2.0000000<.PA.<=2.5000000,2.5000000<.PA.<=3.0000000,3.0000000<.PA.<=3.5000000,3.5000000<.PA.<=4.0000000,4.0000000<.PA.<=4.5000000,.PA.>4.5000000,0<.V.<=0.5000000,0.5000000<.V.<=1.0000000,1.0000000<.V.<=1.5000000,1.5000000<.V.<=2.0000000,2.0000000<.V.<=2.5000000,2.5000000<.V.<=3.0000000,3.0000000<.V.<=3.5000000,3.5000000<.V.<=4.0000000,4.0000000<.V.<=4.5000000,.V.>4.5000000
BOYD,BOYDF1A,F1B,F,RG,R,G,150,70,60,,225,150,108,280,lots of foliage,5.94,0.1745,0.7949,0.9337,0.27834,1472.5065,92.8783,291.7859,0.6307,4.601,705.3588,587.644,147.782,24.6046,5.446,1.1335,0.325,0,0,0,58.5954,131.2951,55.3804,12.9298,3.7407,0.9654,0.3352,0,0,0,18.6515,41.7925,17.6281,4.1157,1.1907,0.3073,0.1067,0,0,0,0.4822,2.4202,1.6739,0.5444,0.2054,0.0657,0.0275,0,0,0
BOYD,BOYDF1C,F1B,F,BG,B,G,102,159,155,130,175,115,80,180,flowers,5.62,0.0561,0.2708,0.3069,0.1436,917.7812,45.6947,143.5542,0.4979,1.787,521.9797,356.3768,35.5631,3.4415,0.3659,0,0,0,0,0,38.7017,76.9461,12.8879,1.8522,0.2526,0,0,0,0,0,12.3191,24.4927,4.1024,0.5896,0.0804,0,0,0,0,0,0.2869,1.3647,0.3761,0.0798,0.0139,0,0,0,0,0
BOYD,BOYDF1D,F1B,F,RP,R,P,120,60,50,170,178,70,55,180,NA,5.26,0.0526,0.1238,0.162,0.27662,1955.9072,87.5088,274.9171,0.4474,3.075,1391.9055,473.5253,77.4786,11.1333,1.2554,0.3288,0.0488,0,0,0,108.8705,101.2089,28.3891,5.81,0.8703,0.2701,0.0466,0,0,0,34.6545,32.2158,9.0365,1.8494,0.277,0.086,0.0148,0,0,0,0.8344,1.7907,0.8381,0.2426,0.0482,0.0177,0.0035,0,0,0
BOYD,BOYDF1E,F1B,F,RG,R,G,120,55,60,100,210,120,135,200,lots of foliage; herbivory,5.1,0.1386,0.4624,0.5709,0.20778,1173.6595,68.9312,216.5536,0.5873,3.18,669.5269,361.0481,113.4914,22.2281,5.0729,1.3427,0.5866,0.024,0,0,56.5941,79.601,42.2208,11.7579,3.5087,1.1476,0.5796,0.0279,0,0,18.0145,25.3378,13.4393,3.7427,1.1169,0.3653,0.1845,0.0089,0,0,0.4724,1.4589,1.2662,0.498,0.1938,0.0783,0.0456,0.0026,0,0
BOYD,BOYDF1F,F1B,F,BP,B,P,130,60,70,,160,70,65,150,NA,6.79,0.0532,0.0972,0.142,0.2422,1148.9572,53.6085,168.4162,0.4666,1.965,764.9827,340.3558,40.1415,3.0498,0.0255,0.0498,0.2326,0,0,0,64.0672,74.3765,14.7591,1.6449,0.0183,0.0449,0.2502,0,0,0,20.3932,23.6748,4.698,0.5236,0.0058,0.0143,0.0797,0,0,0,0.4917,1.3359,0.4372,0.0711,0.001,0.0032,0.0214,0,0,0
BOYD,BOYDF1G,F1B,F,BG,B,G,70,40,50,,160,80,90,190,NA,5.98,0.0614,0.3214,0.3581,0.117106,1062.0196,52.9381,166.3099,0.4985,2.072,691.7097,320.5552,41.6201,6.8549,1.0091,0.0319,0,0,0,0,63.0327,68.351,15.5051,3.6388,0.6987,0.0276,0,0,0,0,20.0639,21.7568,4.9354,1.1583,0.2224,0.0088,0,0,0,0,0.5324,1.2026,0.4656,0.1546,0.0386,0.0019,0,0,0,0
BOYD,BOYDF1H,F1B,F,RP,R,P,130,80,90,,136,70,95,205,NA,6.73,0.0622,0.2146,0.2674,0.433,2035.0314,110.0746,345.8096,0.5409,4.676,1234.9477,631.6669,135.1672,25.8981,5.6746,0.8467,0.1891,0.2408,0,0,98.0397,141.2199,50.1308,13.7595,3.9284,0.7062,0.1847,0.2748,0,0,31.207,44.9517,15.9571,4.3798,1.2505,0.2248,0.0588,0.0875,0,0,0.7626,2.6076,1.4983,0.5856,0.2173,0.047,0.0144,0.025,0,0
BOYD,BOYDF2A,F2B,F,RG,R,G,115,40,60,,255,175,160,240,lots of foliage,5.7,0.139,0.4749,0.5844,0.13778,1116.2192,64.0839,201.3256,0.5741,2.89,653.5199,323.5231,110.2333,18.6936,6.26,2.9101,0.5193,0.2518,0.0069,0,49.2556,74.0245,40.8222,10.0019,4.3232,2.4217,0.5389,0.2957,0.0086,0,15.6785,23.5627,12.9941,3.1837,1.3761,0.7708,0.1715,0.0941,0.0028,0,0.3736,1.4002,1.2185,0.4291,0.2387,0.1607,0.0446,0.0277,0.0009,0
BOYD,BOYDF2B,F2B,F,BP,B,P,110,50,50,,95,45,45,90,NA,6.68,0.0196,0.0742,0.0833,NA,570.2302,24.064,75.5993,0.422,0.798,414.6143,145.2635,9.3914,0.7263,0.0644,0,0,0,0,0,32.6033,32.1124,3.417,0.3804,0.0416,0,0,0,0,0,10.378,10.2217,1.0876,0.1211,0.0132,0,0,0,0,0,0.2435,0.5823,0.1002,0.0159,0.0021,0,0,0,0,0
BOYD,BOYDF2C,F2B,F,RP,R,P,195,80,75,,195,80,60,210,NA,5.56,0.1426,0.1173,0.3291,0.2003,895.6341,42.2472,132.7236,0.4717,1.565,598.554,257.0757,36.1561,2.6048,0.581,0.0977,0.4446,0.087,0.0158,0,49.1675,56.1048,13.2328,1.3665,0.392,0.0811,0.4783,0.0976,0.0217,0,15.6505,17.8587,4.2121,0.435,0.1248,0.0258,0.1522,0.0311,0.0069,0,0.3711,1.0095,0.3903,0.0575,0.0211,0.0054,0.041,0.0087,0.0024,0
BOYD,BOYDF2D,F2B,F,RG,R,G,190,60,70,275,318,145,140,460,flowers,6.12,0.3713,0.7271,1.0552,0.4853,2339.0887,131.7827,414.0076,0.5634,5.831,1492.4124,550.7513,214.2287,60.5554,16.2112,3.7589,0.5899,0.1065,0.0647,0,116.476,124.6789,80.7625,32.4804,11.1647,3.1749,0.5976,0.1253,0.0813,0,37.0755,39.6865,25.7075,10.3388,3.5538,1.0106,0.1902,0.0399,0.0259,0,0.8847,2.3386,2.4554,1.3952,0.6145,0.214,0.0483,0.0117,0.0081,0
BOYD,BOYDF2E,F2B,F,RP,R,P,120,40,50,,120,40,35,60,small plant,4.96,0.0176,0.0578,0.0554,NA,606.213,25.0956,78.84,0.414,0.816,481.3281,115.2159,7.6286,0.2627,1.1779,0.1865,0.0976,0.2704,0,0,42.8235,24.6686,2.735,0.1433,0.8159,0.1683,0.0985,0.3097,0,0,13.6312,7.8523,0.8706,0.0456,0.2597,0.0536,0.0313,0.0986,0,0,0.3396,0.4364,0.0788,0.0062,0.0452,0.0121,0.0079,0.0283,0,0
BOYD,BOYDF2F,F2B,F,RP,R,P,90,50,50,100,105,55,45,65,NA,5.68,0.0144,0.0572,0.0628,0.1492,601.4294,29.0629,91.3037,0.4832,1.103,353.3182,229.8643,16.5745,1.4806,0.1216,0,0,0,0,0,27.0641,48.7725,5.9209,0.7744,0.082,0,0,0,0,0,8.6148,15.5248,1.8847,0.2465,0.0261,0,0,0,0,0,0.2067,0.8505,0.1701,0.0324,0.0044,0,0,0,0,0
BOYD,BOYDF2G,F2B,F,BG,B,G,120,70,50,110,220,110,100,250,lots of foliage,5.91,0.1007,0.413,0.4926,0.20315,1299.4907,73.8518,232.0124,0.5683,3.296,709.1751,480.3032,95.4678,12.6159,1.4552,0.4085,0,0,0,0,59.9796,109.0891,34.949,6.6244,0.9944,0.3372,0,0,0,0,19.0921,34.7241,11.1246,2.1086,0.3165,0.1073,0,0,0,0,0.4881,2.044,1.0304,0.2782,0.0543,0.0222,0,0,0,0
BOYD,BOYDF2H,F2B,F,BP,B,P,120,60,65,,130,70,50,100,NA,5.97,0.0311,0.0811,0.1026,0.1658,814.0415,40.4391,127.0431,0.4968,1.578,509.2813,267.992,31.6633,3.7368,0.7871,0.3985,0,0,0,0,41.8538,59.1159,11.5222,1.951,0.5479,0.3331,0,0,0,0,13.3225,18.8172,3.6676,0.621,0.1744,0.106,0,0,0,0,0.3272,1.0737,0.3374,0.0814,0.0305,0.0222,0,0,0,0
BOYD,BOYDM1A,M1B,M,BG,B,G,100,50,45,,145,85,90,300,NA,6.69,0.0487,0.2873,0.3261,0.14721,1007.8442,51.2748,161.0845,0.5088,2.049,643.2677,306.0618,51.9656,5.4207,0.7509,0.2444,0,0,0,0,54.6932,69.7282,18.8243,2.8533,0.5043,0.2113,0,0,0,0,17.4094,22.1952,5.992,0.9082,0.1605,0.0673,0,0,0,0,0.4315,1.3146,0.5494,0.1204,0.027,0.0146,0,0,0,0
BOYD,BOYDM1B,M1B,M,RG,R,G,150,80,50,140,300,120,165,320,NA,6.53,0.2309,0.6649,0.858,NA,974.6836,54.0766,169.8866,0.5548,2.356,545.2325,336.6954,77.4076,12.3434,2.0262,0.3159,0.2234,0.0736,0.2761,0,42.5587,75.1001,28.6744,6.5356,1.3967,0.2705,0.2176,0.0903,0.3627,0,13.5468,23.9051,9.1273,2.0803,0.4446,0.0861,0.0693,0.0287,0.1154,0,0.3209,1.3807,0.8568,0.2774,0.0769,0.0185,0.0169,0.0088,0.0379,0
BOYD,BOYDM1C,M1B,M,RP,R,P,185,50,60,,205,75,65,180,NA,6.3,0.1635,0.2131,0.3625,0.255,1376.6754,61.8806,194.4035,0.4495,2.185,999.1326,325.9161,44.1567,6.2996,0.8548,0.1659,0,0,0,0,84.3762,71.9141,15.9924,3.292,0.5646,0.1349,0,0,0,0,26.8578,22.891,5.0906,1.0479,0.1797,0.0429,0,0,0,0,0.6583,1.3147,0.4669,0.1378,0.0298,0.0087,0,0,0,0
BOYD,BOYDM1D,M1B,M,RP,R,P,130,40,50,140,135,65,52,145,NA,7.33,0.0208,0.0894,0.0997,0.1087,940.9766,41.4754,130.2987,0.4408,1.436,651.6642,269.9128,17.7171,1.3174,0.0641,0,0,0,0,0,54.299,55.8756,6.45,0.6815,0.0408,0,0,0,0,0,17.2839,17.7858,2.0531,0.2169,0.013,0,0,0,0,0,0.4282,0.9495,0.1889,0.0282,0.0021,0,0,0,0,0
BOYD,BOYDM1E,M1B,M,BP,B,P,90,165,170,70,115,48,35,80,NA,7.31,0.0071,0.0646,0.068,0.0866,754.3985,33.0945,103.9695,0.4387,1.14,512.1919,222.7179,17.2286,1.855,0.2213,0.0227,0,0,0,0,40.4902,45.8839,6.3208,0.9809,0.1559,0.0186,0,0,0,0,12.8884,14.6053,2.012,0.3122,0.0496,0.0059,0,0,0,0,0.3131,0.7771,0.1864,0.0415,0.0088,0.0012,0,0,0,0
BOYD,BOYDM1F,M1B,M,RG,R,G,100,40,40,,140,105,80,200,no dead leaves,7.4,0.0256,0.246,0.2591,0.00652,477.3415,24.5504,77.1275,0.5143,0.992,279.4217,179.0837,17.4196,1.2269,0.1823,0,0,0,0,0,24.8771,38.439,6.2335,0.6216,0.1187,0,0,0,0,0,7.9186,12.2355,1.9842,0.1979,0.0378,0,0,0,0,0,0.2089,0.679,0.1794,0.0251,0.0061,0,0,0,0,0
BOYD,BOYDM1G,M1B,M,BP,B,P,180,60,40,160,190,45,55,145,NA,6.77,0.0604,0.1387,0.1775,0.20241,1119.0741,53.3849,167.7136,0.477,2,692.7325,390.699,32.1052,3.0426,0.2452,0.1883,0,0,0,0,55.3425,84.3053,11.7369,1.6061,0.1668,0.1613,0,0,0,0,17.6161,26.8352,3.736,0.5112,0.0531,0.0513,0,0,0,0,0.4188,1.4944,0.3456,0.0678,0.009,0.011,0,0,0,0
BOYD,BOYDM1H,M1B,M,BG,B,G,180,60,65,80,142,90,100,235,NA,6.82,0.0605,0.2652,0.308,NA,444.7522,22.6124,71.039,0.5084,0.903,262.9756,160.1179,18.3632,2.9177,0.271,0,0,0,0,0,21.3961,34.9266,6.6637,1.5312,0.1712,0,0,0,0,0,6.8106,11.1175,2.1211,0.4874,0.0545,0,0,0,0,0,0.1667,0.6279,0.1948,0.0643,0.0086,0,0,0,0,0
BOYD,BOYDM2A,M2B,M,RG,R,G,90,40,50,,NA,NA,NA,NA,NA,6.63,0.069,0.2969,0.3484,NA,974.71,46.8119,147.0639,0.4803,1.766,628.479,295.8647,46.5576,3.2161,0.4314,0.0216,0,0,0,0,47.3048,67.3035,16.6438,1.6761,0.2909,0.0171,0,0,0,0,15.0576,21.4234,5.2979,0.5335,0.0926,0.0055,0,0,0,0,0.357,1.2605,0.4787,0.0699,0.0157,0.0011,0,0,0,0
BOYD,BOYDM2B,M2B,M,BG,B,G,280,50,50,125,242,108,95,210,flowers,6.39,0.1513,0.3711,0.4909,NA,1617.4854,79.2148,248.8605,0.4897,3.047,1089.5064,440.5796,72.7348,10.835,2.7737,0.539,0.2925,0,0,0,91.7196,97.1637,26.7264,5.7242,1.9327,0.4553,0.2951,0,0,0,29.1953,30.9282,8.5073,1.8221,0.6152,0.1449,0.0939,0,0,0,0.7284,1.7673,0.7913,0.2421,0.1077,0.0307,0.0237,0,0,0
BOYD,BOYDM2C,M2B,M,BP,B,P,150,70,50,,165,100,85,190,flowers,5.01,0.0884,0.1337,0.2134,NA,1826.6858,85.6338,269.0264,0.4688,3.153,1257.7833,495.7611,61.7714,9.3752,1.4774,0.1655,0.1158,0,0,0,103.5827,107.9991,22.7392,4.9441,1.0167,0.1481,0.1093,0,0,0,32.9714,34.3772,7.2381,1.5738,0.3236,0.0471,0.0348,0,0,0,0.8011,1.9398,0.6745,0.2085,0.056,0.0105,0.0082,0,0,0
BOYD,BOYDM2D,M2B,M,BG,B,G,140,60,80,,225,146,115,400,NA,5.13,0.1114,0.4514,0.5191,NA,1465.6027,70.47,221.3881,0.4808,2.661,996.052,364.572,92.4993,10.7128,1.2785,0.1498,0.1189,0,0,0,74.4506,83.7153,33.8828,5.6463,0.8908,0.1248,0.1204,0,0,0,23.6984,26.6474,10.7852,1.7973,0.2836,0.0397,0.0383,0,0,0,0.5388,1.5867,0.9997,0.2383,0.0496,0.0083,0.0097,0,0,0
BOYD,BOYDM2F,M2B,M,RG,R,G,120,205,135,200,240,200,155,340,NA,6.33,0.1972,0.5567,0.7167,0.3108,1911.5183,99.6239,312.9777,0.5212,4.078,1219.2507,543.9216,119.8191,18.9751,7.7407,1.2635,0.2031,0,0,0,99.4888,121.5409,44.2499,10.1543,5.2876,1.0368,0.2074,0,0,0,31.6683,38.6877,14.0852,3.2322,1.6831,0.33,0.066,0,0,0,0.7762,2.2448,1.3168,0.4352,0.2887,0.0678,0.0169,0,0,0
BOYD,BOYDM2G,M2B,M,BP,B,P,170,60,66,,210,90,80,180,NA,5.73,0.1112,0.1852,0.2778,0.28539,2185.2854,90.6935,284.9219,0.415,2.956,1689.6217,413.69,69.5438,10.1306,1.953,0.1114,0.0451,0,0,0,133.8969,89.2363,25.5188,5.3736,1.3537,0.0939,0.0442,0,0,0,42.6207,28.4048,8.1229,1.7105,0.4309,0.0299,0.0141,0,0,0,1.0001,1.5953,0.7545,0.2283,0.0748,0.0063,0.0034,0,0,0
BOYD,BOYDM2H,M2B,M,RP,R,P,150,60,45,200,172,75,50,175,NA,6.19,0.049,0.1352,0.174,0.25188,1871.405,81.8889,257.2617,0.4376,2.814,1334.1517,468.5265,58.5421,8.3977,1.4533,0.0902,0,0,0,0,101.6503,101.4183,21.5488,4.4475,0.9894,0.0722,0,0,0,0,32.3563,32.2824,6.8592,1.4157,0.3149,0.023,0,0,0,0,0.7406,1.8082,0.64,0.1886,0.0538,0.0046,0,0,0,0
BOYD,BOYDM2E,M2B,M,RP,R,P,110,45,70,,135,65,60,125,NA,4.43,0.0195,0.0825,0.0886,0.1371,NA,NA,NA,NA,NA,NA,NA,NA,NA,NA,NA,NA,NA,NA,NA,NA,NA,NA,NA,NA,NA,NA,NA,NA,NA,NA,NA,NA,NA,NA,NA,NA,NA,NA,NA,NA,NA,NA,NA,NA,NA,NA,NA,NA,NA
ELFR,ELFRF1B,F1E,F,BP,B,P,165,79,81,190,330,175,175,470,NA,8.48,0.5336,0.4562,0.9618,0.953,1829.1045,287.2251,902.3442,1.5703,35.424,1071.4156,378.9911,174.8159,84.3909,42.3483,29.8881,14.3037,10.3311,11.9043,9.0203,79.3439,84.5814,67.5312,45.3962,29.6981,25.4432,14.2873,12.1986,15.7981,70.6278,25.2559,26.9231,21.4959,14.4501,9.4532,8.0988,4.5478,3.8829,5.0287,22.4815,0.6187,1.5623,2.1044,1.9565,1.665,1.7283,1.1376,1.1486,1.6698,54.1861
ELFR,ELFRF1C,F1E,F,BG,B,G,149,88,89,250,470,230,230,NA,NA,9.74,1.8571,2.5755,4.3857,1.438,2042.2833,358.2432,1125.4542,1.7541,49.355,642.6151,496.5179,274.8134,173.8824,117.1273,77.1803,61.1635,48.0983,36.527,114.1458,62.1873,113.6905,106.4103,94.488,82.1917,66.3709,62.4453,56.6412,48.6486,234.1883,19.7948,36.1888,33.8714,30.0765,26.1624,21.1265,19.877,18.0294,15.4853,74.5444,0.5522,2.1536,3.3241,4.1123,4.6088,4.5545,5.083,5.3144,5.1613,42.317
ELFR,ELFRF1D,F1E,F,RG,R,G,138,83,64,180,430,300,250,830,NA,10.61,1.904,2.8861,4.7032,0.967,2844.6059,198.9691,625.0799,0.6995,10.93,1692.0974,619.5674,266.4561,124.4291,61.8816,31.0964,18.9729,11.2364,8.0805,10.0723,117.4432,139.3207,102.2617,67.4897,43.0661,26.6468,19.2724,13.2844,10.7326,17.5311,37.3833,44.3472,32.5509,21.4826,13.7084,8.4819,6.1346,4.2286,3.4163,5.5803,0.8523,2.5921,3.1666,2.9321,2.3962,1.8221,1.5607,1.2515,1.1362,2.4995
ELFR,ELFRF1E,F1E,F,RP,R,P,169,76,70,210,370,140,170,610,NA,8.05,0.7473,0.8733,1.5853,1.006,2831.5211,255.7687,803.5212,0.9033,18.145,1251.3971,792.7414,410.3206,178.7594,93.2043,49.542,21.6213,13.9131,8.5204,11.0949,115.6233,181.2734,157.745,96.7784,64.8765,42.2392,21.8294,16.1684,11.3755,18.7774,36.804,57.7011,50.2118,30.8055,20.6508,13.4451,6.9485,5.1465,3.6209,5.977,0.9961,3.4281,4.8925,4.1964,3.6087,2.8728,1.7569,1.4975,1.2102,2.5838
ELFR,ELFRF1F,F1E,F,BP,B,P,132,80,74,240,320,190,180,650,NA,11.14,0.9693,1.1415,2.09,1.23,2969.3815,340.577,1069.9542,1.147,30.68,1226.8883,692.5932,421.4122,227.6262,154.7839,84.8117,59.9277,34.6553,24.3501,41.6677,108.182,158.7679,163.1623,123.6791,107.9944,72.5091,60.8227,40.6289,32.4243,73.4439,34.4354,50.5374,51.9362,39.3683,34.3757,23.0804,19.3605,12.9326,10.321,23.3779,0.913,3.0112,5.095,5.3842,6.0217,4.9461,4.9214,3.7959,3.4402,10.639
ELFR,ELFRF1G,F1E,F,RG,R,G,146,90,88,190,440,210,250,NA,NA,10.12,1.994,2.6601,4.5647,1.226,3043.8748,270.5269,849.8854,0.8888,18.884,1332.5649,858.1683,458.1658,190.5413,98.7071,50.2599,27.0827,12.6496,7.7859,7.6309,123.189,199.4942,174.9198,103.1547,69.0588,42.9337,27.3309,14.8146,10.4859,12.2432,39.2123,63.501,55.6787,32.8352,21.9821,13.6662,8.6997,4.7156,3.3378,3.8971,1.0477,3.8333,5.3882,4.4725,3.8606,2.9264,2.199,1.3829,1.1251,1.591
ELFR,ELFRF1H,F1E,F,RP,R,P,153,55,58,170,245,60,90,NA,NA,6.16,0.1668,0.1949,0.4278,0.331,2458.4189,122.9642,386.3033,0.5002,4.83,1681.1688,548.3314,173.5582,38.7298,10.2191,3.0776,1.3706,0.5359,0.5373,0.0898,131.5631,123.2178,64.6489,20.5586,6.9988,2.6271,1.3755,0.6447,0.709,0.1481,41.8778,39.2214,20.5784,6.544,2.2278,0.8362,0.4378,0.2052,0.2257,0.0471,1.004,2.2934,1.9414,0.8736,0.383,0.1789,0.1101,0.0617,0.0745,0.0194
ELFR,ELFRF1I,F1E,F,BG,B,G,140,56,72,160,390,130,140,600,NA,7.59,0.7073,0.8781,1.5407,0.784,3384.2373,290.2313,911.7886,0.8576,19.549,1578.4585,948.0608,449.8,191.6731,103.206,55.4449,27.438,13.2984,9.6312,6.7193,145.0761,216.2887,171.9717,103.5035,72.2476,47.4319,27.8149,15.5739,12.8434,10.9964,46.1792,68.8468,54.7403,32.9462,22.9971,15.098,8.8538,4.9573,4.0882,3.5003,1.227,4.0838,5.3044,4.4771,4.042,3.2388,2.2482,1.4532,1.3646,1.4587
ELFR,ELFRF2B,F2E,F,RP,R,P,106,53,68,180,210,90,70,280,NA,6.06,0.1545,0.2909,0.4117,0.382,1981.9973,114.6865,360.2983,0.5786,5.212,1161.7214,583.8353,183.7749,36.4354,11.552,3.08,0.6241,0.4098,0,0,101.422,129.3069,68.5098,19.4535,8.0109,2.6317,0.6202,0.482,0,0,32.2836,41.1597,21.8073,6.1922,2.5499,0.8377,0.1974,0.1534,0,0,0.8428,2.3686,2.0587,0.832,0.4439,0.1794,0.0491,0.0452,0,0
ELFR,ELFRF2C,F2E,F,BP,B,P,105,60,66,170,185,85,120,NA,NA,8.36,0.1479,0.2424,0.4085,0.5555,2990.6163,207.8043,652.8363,0.6949,11.341,1698.3366,732.7037,325.2334,130.6,53.7789,24.5848,12.1633,6.0763,3.3736,3.0082,145.2793,163.7157,124.7014,70.3678,37.3491,20.9073,12.3598,7.0294,4.5153,4.9517,46.2438,52.1123,39.6937,22.3988,11.8886,6.655,3.9342,2.2375,1.4373,1.5762,1.211,3.0306,3.8566,3.0358,2.0727,1.4183,1.0012,0.6482,0.4816,0.6573
ELFR,ELFRF2D,F2E,F,BP,B,P,101,60,80,240,280,190,170,650,NA,8.14,0.641,0.666,1.3026,1.1186,2840.9509,319.8179,1004.7376,1.1257,28.277,1115.8342,716.9445,422.1419,225.8193,138.7891,83.995,47.1113,32.08,22.4957,35.2786,98.5235,163.0634,163.7773,122.1784,96.998,72.0829,47.8077,37.674,29.7208,64.5311,31.361,51.9047,52.1319,38.8906,30.8754,22.9447,15.2177,11.992,9.4604,20.5409,0.8364,3.0682,5.1244,5.2945,5.4161,4.9364,3.8677,3.5268,3.1279,9.7265
ELFR,ELFRF2E,F2E,F,RP,R,P,132,89,75,230,190,130,110,550,NA,9.12,0.3123,0.412,0.8239,0.526,1532.0523,110.1907,346.1742,0.7192,6.225,814.9326,414.1694,170.4628,60.8205,34.8026,17.1246,8.1821,4.6569,3.1721,3.524,54.8883,96.2303,64.5844,32.7498,24.2786,14.6817,8.3635,5.5261,4.1916,5.507,17.4715,30.631,20.5579,10.4246,7.7281,4.6733,2.6622,1.759,1.3342,1.7529,0.3942,1.8404,1.9735,1.4124,1.3536,1.0044,0.6814,0.5224,0.4413,0.6903
ELFR,ELFRF2G,F2E,F,RG,R,G,100,54,69,140,300,160,180,NA,NA,7.55,0.46,1.1993,1.5872,0.579,2898.6624,150.3431,472.3169,0.5187,6.124,1883.4078,735.4286,212.5616,48.1304,14.3835,3.3914,0.7857,0.0385,0,0,144.4539,162.9986,80.3606,25.7406,9.967,2.9203,0.7811,0.0465,0,0,45.9811,51.8841,25.5796,8.1935,3.1726,0.9296,0.2486,0.0148,0,0,1.0893,2.9845,2.4509,1.1024,0.5518,0.2006,0.0619,0.0045,0,0
ELFR,ELFRF2H,F2E,F,RG,R,G,98,82,80,230,300,190,200,700,NA,8.23,0.7019,1.8573,2.5105,0.8008,2620.0289,156.4284,491.4344,0.597,7.335,1551.5429,715.6057,227.983,76.9496,30.0323,11.1411,3.8318,1.1897,0.2826,0.7127,117.5463,160.1036,86.44,41.1923,20.9712,9.3945,3.8419,1.3672,0.3651,1.099,37.4162,50.9626,27.5147,13.1119,6.6753,2.9904,1.2229,0.4352,0.1162,0.3498,0.9042,2.9622,2.6434,1.7656,1.1705,0.632,0.307,0.1251,0.0375,0.1354
ELFR,ELFRF2I,F2E,F,BG,B,G,125,74,85,200,380,200,230,NA,NA,9.77,0.8456,1.4404,2.2259,0.878,3695.2492,219.0513,688.17,0.5928,10.199,2350.9008,801.9417,347.9979,120.8934,41.9317,15.0748,8.1195,3.9216,2.5261,1.3226,178.8895,180.83,132.301,64.9698,28.9991,12.9259,8.2338,4.6059,3.3284,2.0503,56.9423,57.56,42.1127,20.6805,9.2307,4.1145,2.6209,1.4661,1.0595,0.6526,1.3561,3.3752,4.0554,2.7956,1.6028,0.8839,0.6658,0.4311,0.3494,0.2559
ELFR,ELFRF2J,F2E,F,BG,B,G,91,52,60,220,120,175,160,830,NA,8.48,1.0667,1.782,2.8726,0.641,2971.4377,169.1845,531.5087,0.5694,7.566,1862.9051,729.5133,257.4288,79.6344,27.3489,10.086,2.731,1.0809,0.0675,0,144.0602,164.4219,97.3768,42.654,19.0657,8.5932,2.7469,1.2429,0.089,0,45.8558,52.3371,30.996,13.5772,6.0688,2.7353,0.8744,0.3956,0.0283,0,1.1104,3.064,2.9731,1.8291,1.0626,0.5841,0.2202,0.1139,0.0093,0
ELFR,ELFRM1A,M1E,M,RG,R,G,91,58,45,100,260,160,150,NA,NA,6.69,0.3111,0.6879,1.0552,0.151,967.2669,46.7133,146.754,0.4829,1.772,663.9287,233.9195,50.7943,13.5896,3.5484,1.1168,0,0.2657,0.0034,0,51.3479,51.5412,19.0129,7.2867,2.4049,0.9653,0,0.3065,0.0043,0,16.3445,16.4061,6.052,2.3194,0.7655,0.3073,0,0.0976,0.0014,0,0.4032,0.9387,0.5738,0.3129,0.1302,0.0665,0,0.0282,0.0004,0
ELFR,ELFRM1B,M1E,M,RG,R,G,130,40,45,100,300,100,80,NA,NA,4,0.1943,0.5372,0.6632,0.123,797.5696,36.9524,116.0895,0.4633,1.345,548.2041,210.8351,33.5263,3.8457,0.9539,0,0,0,0,0,46.8547,45.6311,12.4022,2.0462,0.6442,0,0,0,0,0,14.9143,14.5248,3.9477,0.6513,0.2051,0,0,0,0,0,0.3796,0.8143,0.3698,0.0872,0.0347,0,0,0,0,0
ELFR,ELFRM1C,M1E,M,BP,B,P,134,49,60,160,190,80,85,NA,NA,7.62,0.13,0.1538,0.2701,0.142,954.5873,38.9798,122.4586,0.4083,1.25,714.7526,218.5475,20.1549,0.96,0.0823,0,0,0,0,0,60.6346,45.6441,7.1874,0.5004,0.0546,0,0,0,0,0,19.3006,14.529,2.2878,0.1593,0.0174,0,0,0,0,0,0.4935,0.7916,0.2063,0.0209,0.0029,0,0,0,0,0
ELFR,ELFRM1D,M1E,M,BG,B,G,155,51,59,200,331,171,150,550,NA,8.37,0.5852,0.6327,1.1836,0.46,2528.3148,126.6233,397.799,0.5008,4.981,1728.9219,605.0753,141.2456,34.2015,14.0033,3.1224,0.9851,0.3143,0.092,0,143.7826,132.1548,53.0058,18.1701,9.7415,2.6254,0.99,0.3691,0.1199,0,45.7674,42.0662,16.8723,5.7837,3.1008,0.8357,0.3151,0.1175,0.0382,0,1.1487,2.3893,1.6056,0.7732,0.5413,0.176,0.0794,0.0345,0.0124,0
ELFR,ELFRM1E,M1E,M,RP,R,P,114,65,60,180,140,100,60,NA,NA,7.21,0.0957,0.1849,0.2685,0.1396,889.064,41.0462,128.9505,0.4617,1.488,556.9931,300.1322,28.2305,3.3008,0.3067,0,0,0,0,0,43.0002,64.2641,10.245,1.7547,0.2257,0,0,0,0,0,13.6874,20.4559,3.2611,0.5585,0.0718,0,0,0,0,0,0.3207,1.1304,0.2993,0.0746,0.0133,0,0,0,0,0
ELFR,ELFRM1F,M1E,M,BG,B,G,124,60,75,190,220,100,140,420,NA,8.66,0.3907,0.349,1.0358,0.0626,663.9247,29.2003,91.7355,0.4398,1.009,403.2993,247.9144,11.7923,0.5913,0.2443,0,0,0,0,0,28.4663,52.9365,4.3163,0.3085,0.1747,0,0,0,0,0,9.0611,16.8502,1.3739,0.0982,0.0556,0,0,0,0,0,0.1966,0.924,0.1271,0.0128,0.01,0,0,0,0,0
ELFR,ELFRM1H,M1E,M,RP,R,P,113,55,60,140,120,90,65,175,NA,5.89,0.0496,0.1559,0.1879,0.085,778.9388,31.0768,97.6307,0.399,0.974,592.4159,169.9206,13.644,2.3544,0.3007,0.1791,0,0,0,0,47.6018,36.5078,5.0278,1.2533,0.2111,0.1522,0,0,0,0,15.1521,11.6208,1.6004,0.3989,0.0672,0.0484,0,0,0,0,0.3575,0.6465,0.1494,0.0534,0.0118,0.0103,0,0,0,0
ELFR,ELFRM1I,M1E,M,BP,B,P,139,60,55,130,165,50,70,160,NA,4.79,0.0794,0.06,0.1269,0.104,483.7515,21.2831,66.8628,0.44,0.735,357.0145,97.1503,22.2633,4.6054,1.4312,0.8261,0.1158,0.0464,0.1854,0,25.1696,21.9436,8.3951,2.4982,0.9744,0.6967,0.1141,0.0546,0.2414,0,8.0117,6.9849,2.6722,0.7952,0.3102,0.2218,0.0363,0.0174,0.0768,0,0.1809,0.4094,0.2553,0.1086,0.053,0.0469,0.009,0.0051,0.025,0
ELFR,ELFRM2A,M2E,M,BG,B,G,121,59,35,110,270,180,120,NA,NA,7.61,0.3581,0.4293,0.8126,0.514,3609.2708,188.2419,591.3793,0.5216,7.711,2502.67,760.4023,224.8436,68.5526,29.2705,13.6576,4.9822,2.7931,0.6434,0.6807,189.451,168.7638,85.0431,36.8559,20.3189,11.6766,5.0143,3.2201,0.8849,1.0696,60.3041,53.7192,27.0701,11.7316,6.4677,3.7168,1.5961,1.025,0.2817,0.3404,1.4255,3.0989,2.5949,1.5871,1.1272,0.7965,0.4023,0.2958,0.097,0.1356
ELFR,ELFRM2B,M2E,M,RP,R,P,113,75,71,150,220,105,100,NA,NA,9.55,0.2233,0.5412,0.7429,0.393,1213.3949,57.6683,181.1702,0.4753,2.153,814.0601,315.7049,63.1089,15.7039,3.5949,0.4039,0.5111,0.0707,0.0723,0,59.8776,69.3188,23.6578,8.4212,2.4392,0.3409,0.4997,0.0835,0.099,0,19.0596,22.0649,7.5305,2.6806,0.7764,0.1085,0.1591,0.0266,0.0315,0,0.4601,1.2567,0.7144,0.3615,0.1322,0.0229,0.0389,0.0079,0.0108,0
ELFR,ELFRM2C,M2E,M,RG,R,G,107,66,82,130,310,250,160,480,NA,7.11,0.4955,1.2561,1.6752,0.34,1128.4372,53.6276,168.4761,0.4752,2.002,733.946,317.2388,59.566,12.0976,3.5054,1.209,0.3794,0.2651,0.0543,0,51.5572,69.5244,22.4511,6.3983,2.4099,1.0375,0.3908,0.3137,0.0703,0,16.4112,22.1303,7.1464,2.0367,0.7671,0.3302,0.1244,0.0999,0.0224,0,0.3873,1.2537,0.6833,0.2708,0.1323,0.0711,0.0321,0.0296,0.0072,0
ELFR,ELFRM2D,M2E,M,BG,B,G,137,55,57,170,420,180,190,NA,NA,8.22,0.8277,1.5366,2.2707,0.741,2367.1316,176.751,555.2795,0.7467,10.366,1356.7777,534.7476,245.7457,109.1889,48.093,25.0808,15.7952,12.3226,7.0271,12.0734,103.9685,119.9793,93.6252,58.9498,33.5578,21.4756,16.2257,14.3968,9.3941,20.7653,33.0942,38.1906,29.8018,18.7643,10.6818,6.8359,5.1648,4.5827,2.9902,6.6098,0.7908,2.2293,2.878,2.5479,1.871,1.4676,1.3283,1.3403,1.0006,2.8963
ELFR,ELFRM2E,M2E,M,BP,B,P,109,73,45,180,200,100,70,NA,NA,6.75,0.1478,0.2109,0.343,0.279,1392.978,73.9745,232.3979,0.5311,3.085,848.92,424.3377,94.1997,18.8543,5.0933,0.873,0.5369,0.0296,0,0,67.096,95.7169,34.8002,9.9523,3.5224,0.74,0.533,0.0337,0,0,21.3573,30.4676,11.0772,3.1679,1.1212,0.2356,0.1697,0.0107,0,0,0.5201,1.7772,1.0361,0.4205,0.1947,0.05,0.0421,0.0031,0,0
ELFR,ELFRM2F,M2E,M,RG,R,G,138,82,49,150,330,225,170,NA,NA,9.07,0.807,1.7498,2.5011,0.507,1716.6594,91.74,288.2097,0.5344,3.851,1099.4453,446.543,119.5428,35.0671,10.9758,2.2989,2.0718,0.3239,0.0158,0,84.3588,101.4931,45.1811,18.813,7.599,1.9271,2.0852,0.3766,0.0202,0,26.8523,32.3063,14.3816,5.9884,2.4188,0.6134,0.6637,0.1199,0.0064,0,0.6578,1.907,1.3779,0.8083,0.4203,0.1288,0.1673,0.0349,0.002,0
ELFR,ELFRM2G,M2E,M,BP,B,P,128,71,67,270,210,80,90,440,NA,9.37,0.1653,0.3096,0.4519,0.486,2274.2206,104.854,329.4085,0.4611,3.797,1578.9433,534.6908,121.0746,27.6539,8.4926,1.8171,0.915,0.2077,0.0435,0,108.2526,119.0345,45.2165,14.7318,5.8185,1.5351,0.924,0.2528,0.0551,0,34.4579,37.8899,14.3929,4.6893,1.8521,0.4886,0.2941,0.0805,0.0176,0,0.7687,2.187,1.3614,0.6285,0.3185,0.1035,0.0744,0.0245,0.0056,0
ELFR,ELFRM2H,M2E,M,RP,R,P,146,62,64,150,200,70,80,310,NA,4.78,0.1162,0.3243,0.4286,0.332,1233.919,58.1301,182.621,0.4711,2.151,833.8731,320.8075,61.7463,12.0423,2.8693,1.3848,0.4087,0.2685,0.1382,0.0364,61.7952,70.3474,23.0988,6.417,2.0051,1.1736,0.4229,0.3083,0.1797,0.0536,19.67,22.3923,7.3526,2.0426,0.6383,0.3736,0.1346,0.0981,0.0572,0.0171,0.4767,1.2743,0.6965,0.2739,0.1119,0.0794,0.0348,0.0282,0.0186,0.0063
COAL,COALF1C,F1C,F,RP,R,P,138,75,70,170,375,200,145,735,NA,NA,0.888,0.83506,1.69506,NA,NA,NA,NA,NA,NA,NA,NA,NA,NA,NA,NA,NA,NA,NA,NA,NA,NA,NA,NA,NA,NA,NA,NA,NA,NA,NA,NA,NA,NA,NA,NA,NA,NA,NA,NA,NA,NA,NA,NA,NA,NA,NA,NA,NA,NA
COAL,COALF1G,F1C,F,RG,R,G,130,55,60,120,555,280,298,2040,burnt tips,10.75,4.1908,4.1284,8.2035,1.21792,NA,NA,NA,NA,NA,NA,NA,NA,NA,NA,NA,NA,NA,NA,NA,NA,NA,NA,NA,NA,NA,NA,NA,NA,NA,NA,NA,NA,NA,NA,NA,NA,NA,NA,NA,NA,NA,NA,NA,NA,NA,NA,NA,NA,NA
COAL,COALF1B,F1C,F,RP,R,P,116,54,55,140,275,142,112,505,NA,6.9,0.3914,0.53824,0.89804,0.3904,1507.5472,75.4592,237.0621,0.5005,2.966,980.886,382.1934,115.6105,21.4371,5.9342,1.1179,0.1418,0,0.0203,0,70.1689,88.1749,43.4415,11.4335,4.0497,0.9481,0.1514,0,0.0261,0,22.3355,28.0669,13.8279,3.6394,1.2891,0.3018,0.0482,0,0.0083,0,0.5229,1.6749,1.3165,0.4882,0.2206,0.0641,0.0129,0,0.0027,0
COAL,COALF1D,F1C,F,BG,B,G,140,65,50,150,420,270,178,860,NA,6.3,0.6422,0.95757,1.49897,0.32307,1181.0245,72.3025,227.1449,0.6122,3.476,637.6495,371.5737,130.2526,30.8218,8.3347,1.3687,0.4974,0.3323,0.0354,0,51.032,86.4846,48.7015,16.4639,5.6974,1.1704,0.4915,0.3839,0.0451,0,16.244,27.5289,15.5022,5.2406,1.8135,0.3726,0.1565,0.1222,0.0144,0,0.3985,1.6606,1.4676,0.7045,0.3112,0.0798,0.0387,0.0353,0.0046,0
COAL,COALF1E,F1C,F,BP,B,P,180,80,74,145,733,288,254,1895,NA,7.51,3.735101,3.0748,6.734601,1.519,13374.6102,556.3812,1747.9232,0.415992971,18.192,10181.9303,2461.2944,549.129,130.7287,34.4857,9.3598,2.6414,0.6807,0.0657,0.0177,720.2653,532.1135,207.5019,69.456,23.6452,7.8985,2.6384,0.7845,0.0832,0.0264,229.2676,169.3769,66.0498,22.1085,7.5265,2.5142,0.8398,0.2498,0.0265,0.0084,5.2584,9.5192,6.3229,2.955,1.2956,0.53,0.21,0.072,0.0084,0.0031
COAL,COALF1H,F1C,F,BG,B,G,100,32,30,55,276,117,140,313,NA,6.77,3.92041,0.40881,4.28172,NA,925.7951,46.1781,145.0727,0.4988,1.809,607.7945,232.2907,58.874,18.3948,6.7459,1.1572,0.0976,0.1023,0,0,42.0698,53.3054,22.2759,9.8534,4.7879,0.9956,0.0972,0.1141,0,0,13.3912,16.9676,7.0906,3.1364,1.524,0.3169,0.0309,0.0363,0,0,0.3045,1.0089,0.6802,0.4228,0.2716,0.0683,0.0077,0.0101,0,0
COAL,COALF1I,F1C,F,RG,R,G,122,55,50,100,430,242,265,1165,NA,8.4,1.3857,2.0542,3.35,1.0097,2357.8723,143.3105,450.2231,0.6078,6.841,1333.6479,671.8643,250.9725,62.4257,26.7621,8.7919,1.9873,0.6898,0.2643,0.1683,104.9965,151.9908,94.4061,33.6591,18.5455,7.5502,1.9843,0.8175,0.3416,0.2539,33.4214,48.3802,30.0504,10.714,5.9032,2.4033,0.6316,0.2602,0.1087,0.0808,0.8368,2.8409,2.8633,1.4541,1.0276,0.5175,0.1578,0.0772,0.0351,0.0306
COAL,COALF1J,F1C,F,BP,B,P,184,75,96,235,425,128,166,895,NA,8.82,1.3848,1.2283,2.5726,1.0216,2908.7163,158.2914,497.287,0.5442,6.766,1817.8236,797.2446,206.3813,56.0907,18.9339,7.4929,2.1049,1.3012,0.4252,0.4296,140.9703,179.4243,77.4851,29.9628,13.1391,6.4013,2.1379,1.5277,0.5591,0.8078,44.8722,57.1125,24.6643,9.5374,4.1823,2.0376,0.6805,0.4863,0.178,0.2571,1.0876,3.3346,2.3463,1.2818,0.7286,0.4363,0.1731,0.143,0.0586,0.1197
COAL,COALF2G,F2C,F,BG,B,G,204,93,110,350,670,325,245,1840,NA,7.78,2.558,2.3283,4.8203,1.6867,NA,NA,NA,NA,NA,NA,NA,NA,NA,NA,NA,NA,NA,NA,NA,NA,NA,NA,NA,NA,NA,NA,NA,NA,NA,NA,NA,NA,NA,NA,NA,NA,NA,NA,NA,NA,NA,NA,NA,NA,NA,NA,NA,NA,NA
COAL,COALF2I,F2C,F,BG,B,G,140,75,100,375,745,365,338,2550,burnt tips,9.84,6.2271,5.4083,11.5801,3.15496,NA,NA,NA,NA,NA,NA,NA,NA,NA,NA,NA,NA,NA,NA,NA,NA,NA,NA,NA,NA,NA,NA,NA,NA,NA,NA,NA,NA,NA,NA,NA,NA,NA,NA,NA,NA,NA,NA,NA,NA,NA,NA,NA,NA,NA
COAL,COALF2A,F2C,F,BP,B,P,185,114,118,500,595,232,265,1590,flowering,9.5,3.2308,2.4434,5.6657,2.44832,10205.3272,546.5786,1717.1275,0.535562326,23.117,6563.0682,2598.5866,727.9255,206.2719,63.508,20.5383,11.0267,4.127,6.0031,2.7249,531.0289,573.3328,273.4629,110.659,43.683,17.4579,11.0997,4.84,7.9841,4.1627,169.0317,182.4975,87.0461,35.2239,13.9047,5.557,3.5332,1.5406,2.5415,1.325,4.1864,10.4682,8.2887,4.7539,2.4003,1.1844,0.8904,0.4522,0.8462,0.5085
COAL,COALF2B,F2C,F,RP,R,P,172,66,63,250,566,230,225,960,NA,7.15,1.76574,1.61714,3.31738,2.1224,11670.1552,603.8987,1897.2036,0.517473813,24.554,7594.8767,2978.002,799.7706,213.746,55.2689,17.5767,5.6586,1.6829,0.725,0.4442,588.4971,660.4308,300.8013,114.0244,38.1711,14.8871,5.7026,1.9729,0.9742,0.7571,187.3244,210.2216,95.7479,36.2951,12.1503,4.7387,1.8151,0.6281,0.3102,0.241,4.5454,12.1108,9.1221,4.8706,2.1067,1.0059,0.4579,0.1843,0.1045,0.103
COAL,COALF2D,F2C,F,RG,R,G,150,116,70,310,748,420,330,1650,burnt tips,10.03,6.2479,4.1752,10.3498,3.8035,11914.1118,676.9252,2126.6232,0.568161604,30.425,7800.2534,2692.1854,792.1611,337.6939,153.7742,67.0572,35.2874,17.0831,9.1506,7.6584,592.0471,591.9658,302.4647,182.5262,106.8575,57.4187,35.6495,19.9877,12.0723,12.1329,188.4545,188.4285,96.2775,58.0998,34.0139,18.277,11.3476,6.3623,3.8428,3.862,4.5731,10.7659,9.3173,7.9015,5.9354,3.9235,2.8724,1.864,1.2686,1.5412
COAL,COALF2E,F2C,F,RP,R,P,171,73,100,525,695,210,270,1530,NA,10.36,3.47295,2.3606,5.76575,3.6492,17956.645,856.192,2689.8061,0.476808178,32.181,12847.2081,3696.986,982.3088,281.9807,89.2674,33.7418,12.1424,5.2115,2.0729,2.4188,973.3658,808.2517,370.7386,151.1326,61.6379,28.6223,12.3411,6.2854,2.9034,3.7128,309.8319,257.2745,118.0097,48.1069,19.6199,9.1107,3.9281,2.0007,0.9242,1.1818,7.353,14.6215,11.2863,6.4881,3.4004,1.9376,1,0.5875,0.3084,0.4565
COAL,COALF2F,F2C,F,RG,R,G,229,83,105,425,882,350,395,2335,burnt tips,9.95,8.454324,5.83751,14.192634,4.32122,14399.1966,774.0665,2431.8018,0.537562564,32.766,9437.2459,3446.089,952.0996,329.1135,136.1677,51.9673,22.5938,11.0904,3.9829,5.7146,713.2866,757.8845,361.1356,176.918,94.207,44.5787,22.9047,12.9446,5.3053,9.5851,227.0462,241.2421,114.953,56.3147,29.987,14.19,7.2909,4.1204,1.6888,3.0511,5.5609,13.7887,11.0518,7.6165,5.2084,3.0514,1.8515,1.204,0.5631,1.2988
COAL,COALF2H,F2C,F,BP,B,P,195,110,123,275,612,220,270,1125,NA,9.33,3.2802,2.2525,5.4546,2.97506,16702.4503,814.6764,2559.3811,0.487740816,31.526,11620.5607,3651.091,971.9777,313.4419,95.7779,29.15,8.4484,3.5053,2.2655,1.5759,853.1853,797.4327,368.8058,167.9176,66.0943,24.8006,8.5703,4.1179,3.0373,2.6002,271.5772,253.8307,117.3945,53.4499,21.0385,7.8943,2.7279,1.3109,0.9668,0.8276,6.4236,14.4014,11.2871,7.2042,3.6445,1.6835,0.6931,0.3855,0.3246,0.3478
COAL,COALM1B,M1C,M,BP,B,P,158,55,64,140,695,240,155,1080,brown leaves,7.72,2.5246,2.12633,4.60633,0.78866,NA,NA,NA,NA,NA,NA,NA,NA,NA,NA,NA,NA,NA,NA,NA,NA,NA,NA,NA,NA,NA,NA,NA,NA,NA,NA,NA,NA,NA,NA,NA,NA,NA,NA,NA,NA,NA,NA,NA,NA,NA,NA,NA,NA,NA
COAL,COALM1E,M1C,M,RG,R,G,100,55,70,95,670,350,335,1000,NA,9.92,4.8042,4.7824,9.5362,1.70578,NA,NA,NA,NA,NA,NA,NA,NA,NA,NA,NA,NA,NA,NA,NA,NA,NA,NA,NA,NA,NA,NA,NA,NA,NA,NA,NA,NA,NA,NA,NA,NA,NA,NA,NA,NA,NA,NA,NA,NA,NA,NA,NA,NA,NA
COAL,COALM1G,M1C,M,RP,R,P,109,53,58,110,560,180,185,1460,NA,8.03,2.40273,2.15277,4.5334,1.023,NA,NA,NA,NA,NA,NA,NA,NA,NA,NA,NA,NA,NA,NA,NA,NA,NA,NA,NA,NA,NA,NA,NA,NA,NA,NA,NA,NA,NA,NA,NA,NA,NA,NA,NA,NA,NA,NA,NA,NA,NA,NA,NA,NA,NA
COAL,COALM1A,M1C,M,RG,R,G,72,45,50,95,725,328,390,1750,NA,9.05,4.6933,4.5777,9.2047,1.92122,8288.7279,431.7994,1356.5377,0.520947587,17.681,5550.11,1879.2353,614.0211,155.2428,49.1574,21.1826,8.6627,3.9419,2.5094,2.8075,424.3735,417.216,229.821,83.6874,33.8598,18.1391,8.6771,4.6632,3.3578,4.5728,135.0822,132.804,73.1543,26.6386,10.7779,5.7739,2.762,1.4843,1.0688,1.4556,3.3206,7.6829,6.939,3.6125,1.8632,1.2394,0.6926,0.438,0.3579,0.5983
COAL,COALM1C,M1C,M,BG,B,G,81,38,34,55,695,320,310,2040,dark green leaves,10,4.5384,4.14668,8.65428,1.7854,5651.616,312.1161,980.5416,0.552276021,13.594,3664.1477,1393.4545,358.0788,124.7748,52.873,24.2364,14.5181,10.2908,3.307,5.1727,289.5801,301.2741,135.1866,67.1144,36.6663,20.9236,14.7525,12.0514,4.3957,9.4814,92.1762,95.8985,43.0312,21.3632,11.6712,6.6602,4.6959,3.8361,1.3992,3.0181,2.2777,5.3863,4.1151,2.8908,2.032,1.4418,1.1952,1.1247,0.4653,1.4218
COAL,COALM1D,M1C,M,BP,B,P,85,19,24,20,505,205,182,835,NA,7.34,1.1662,1.31018,2.40428,0.77311,4605.9319,225.6396,708.8677,0.489871067,8.694,3207.2681,1007.2089,289.8059,71.8181,20.8226,6.4177,1.1285,0.5584,0.1963,0,257.0532,220.8252,108.5892,38.3721,14.4518,5.4214,1.156,0.6555,0.2622,0,81.8226,70.2908,34.565,12.2143,4.6002,1.7257,0.368,0.2087,0.0835,0,2.0162,4.0154,3.2805,1.6424,0.8015,0.3653,0.0943,0.0613,0.0279,0
COAL,COALM1F,M1C,M,RP,R,P,93,52,48,125,620,230,205,1550,NA,7.83,2.83955,2.01437,4.82612,1.0788,1486.9351,88.6285,278.4348,0.596,4.149,784.9761,523.6776,139.2138,28.6818,8.646,1.3473,0.2544,0.0306,0,0,62.7139,121.9952,51.7058,15.2229,5.9623,1.1308,0.2697,0.034,0,0,19.9625,38.8323,16.4585,4.8456,1.8979,0.3599,0.0858,0.0108,0,0,0.4904,2.3391,1.5491,0.6468,0.3285,0.0757,0.0228,0.003,0,0
COAL,COALM1H,M1C,M,BG,B,G,97,44,46,185,725,275,375,2470,NA,10.77,4.9296,4.0525,8.7977,1.5323,5180.9436,266.0454,835.8063,0.513554597,10.784,3541.2472,1134.1231,344.7359,93.6624,31.0767,14.593,9.4919,6.4882,2.6657,1.9005,277.9454,246.3043,129.9174,50.2455,21.4356,12.4177,9.6395,7.4893,3.5806,3.2138,88.4727,78.4011,41.354,15.9936,6.8232,3.9526,3.0684,2.3839,1.1398,1.023,2.205,4.4285,3.9509,2.1593,1.1818,0.8426,0.7806,0.6885,0.3835,0.4407
COAL,COALM2A,M2C,M,BG,B,G,235,75,85,250,820,253,320,3060,dark green leaves,9.29,6.6587,4.5294,11.0226,2.07785,NA,NA,NA,NA,NA,NA,NA,NA,NA,NA,NA,NA,NA,NA,NA,NA,NA,NA,NA,NA,NA,NA,NA,NA,NA,NA,NA,NA,NA,NA,NA,NA,NA,NA,NA,NA,NA,NA,NA,NA,NA,NA,NA,NA,NA
COAL,COALM2B,M2C,M,BP,B,P,144,82,105,200,623,224,260,1495,herbivory,9.05,3.39846,2.60492,5.91698,1.9875,17425.6987,720.338,2263.0083,0.413343722,23.481,13357.0715,3153.4911,689.442,154.162,45.2212,15.3964,5.6408,0.997,0.2041,0.0382,961.2544,686.5417,258.0091,82.2216,31.4364,13.0353,5.6723,1.136,0.2653,0.0571,305.9769,218.533,82.1269,26.172,10.0064,4.1492,1.8056,0.3616,0.0844,0.0182,6.9741,12.3575,7.7868,3.5125,1.7471,0.8803,0.4546,0.1031,0.0274,0.0068
COAL,COALM2C,M2C,M,RP,R,P,144,80,84,230,524,212,220,1085,NA,9.7,2.0538,1.6103,3.6188,2.1001,7298.7187,399.0878,1253.7714,0.546777789,17.19,4579.5238,1869.0358,586.5959,165.5984,61.5909,18.0644,5.9847,5.4435,2.5629,2.9077,347.2156,410.755,221.0353,88.9181,42.5787,15.2479,6.036,6.387,3.3927,4.826,110.5222,130.7474,70.3577,28.3035,13.5533,4.8535,1.9213,2.033,1.0799,1.5362,2.702,7.47,6.7109,3.8237,2.3523,1.0272,0.4855,0.5973,0.3576,0.6532
COAL,COALM2D,M2C,M,BP,B,P,149,49,62,150,545,195,200,1025,NA,5.99,1.3777,1.4286,2.7491,0.51793,2699.9524,136.3719,428.4251,0.5051,5.41,1783.4065,650.5484,199.0031,45.918,14.6679,4.1164,1.0237,0.4088,0.0382,0,131.2474,145.7336,74.5526,24.5478,10.0281,3.4867,1.0059,0.4672,0.0527,0,41.7773,46.3884,23.7308,7.8138,3.192,1.1099,0.3202,0.1487,0.0168,0,0.995,2.7023,2.2538,1.0507,0.5479,0.2357,0.0787,0.0425,0.0058,0
COAL,COALM2F,M2C,M,RG,R,G,158,97,75,200,465,202,174,910,NA,7.76,1.2535,1.74982,2.94412,0.5303,2689.3709,124.0201,389.6207,0.4611,4.492,1879.1042,600.7256,167.2633,29.6456,8.6703,1.9876,0.6591,0.6056,0.0884,0,135.3992,134.3243,62.0389,15.7068,5.9602,1.6669,0.6655,0.6995,0.1138,0,43.0989,42.7568,19.7476,4.9996,1.8972,0.5306,0.2118,0.2227,0.0362,0,0.9708,2.4863,1.8547,0.6663,0.3273,0.1115,0.0536,0.0644,0.0117,0
COAL,COALM2G,M2C,M,RP,R,P,155,69,90,205,686,195,275,1125,blotchy leaves,6.96,1.78302,1.9493,3.57712,2.24542,20180.0321,773.9817,2431.5354,0.38353729,23.357,15997.6986,3325.1105,659.1137,138.0404,36.5364,11.9342,4.1506,1.1293,0.2787,0,1072.867,719.4792,247.1576,73.5307,25.1468,10.2325,4.1575,1.3192,0.3648,0,341.5042,229.0174,78.6727,23.4055,8.0045,3.2571,1.3234,0.4199,0.116,0,7.5573,12.8712,7.4731,3.1374,1.3833,0.6998,0.3319,0.1228,0.038,0
COAL,COALM2H,M2C,M,BG,B,G,234,110,88,270,995,345,264,2610,1 tall branch,9.89,6.794317,4.1051,10.855617,1.59115,12088.27,512.6249,1610.4586,0.424071311,17.118,9196.9514,2186.2646,540.0505,117.9441,31.0195,8.3195,4.0547,0.7125,0.5042,0,681.6663,474.2674,201.7754,62.8964,21.4948,7.0374,4.1006,0.8018,0.6631,0,216.9812,150.964,64.2272,20.0206,6.842,2.24,1.3053,0.2552,0.2111,0,5.0838,8.5255,6.079,2.686,1.1904,0.475,0.3305,0.0719,0.0694,0
COAL,COALM2J,M2C,M,RG,R,G,140,85,75,160,660,330,290,2710,small branches,7.9,4.47561,3.8849,8.30931,1.89954,9778.0627,483.224,1518.0929,0.494221676,18.785,6787.3911,2072.3545,625.5361,184.3232,68.5612,21.0702,9.7421,3.5551,2.22,1.0818,488.6673,458.7657,236.4535,98.8939,47.354,17.9386,9.7091,4.1754,2.9383,1.7186,155.5475,146.0297,75.2655,31.4789,15.0732,5.71,3.0905,1.329,0.9353,0.5471,3.6346,8.4001,7.2084,4.2494,2.6136,1.2186,0.7713,0.3907,0.3096,0.2174
